concept,n_positive,n_total,probe_mean,probe_std,baseline_mean,improvement,probe_auc_mean,probe_auc_std,model,layer
Female,2984,9045,0.8057490326147041,0.004775812286667789,0.6700939745715864,0.13565505804311773,0.8885465155374135,0.004496606121622747,NN,dense_0_64
Racial minority,1281,9045,0.8573797678275291,0.0014415041249757035,0.8583747927031509,-0.0009950248756217528,0.6319170605518545,0.018219971770004048,NN,dense_0_64
Part-time worker,1441,9045,0.9663902708678828,0.004113007238858674,0.840685461580984,0.12570480928689876,0.9835878275382429,0.005006507558772067,NN,dense_0_64
Has investment activity,1156,9045,0.9778883360972912,0.0019777273432833873,0.8721945826423438,0.10569375345494736,0.9799020499532665,0.0045512147845049415,NN,dense_0_64
Unpaid / never worked,6,9045,1.0,0.0,0.9993366500829188,0.0006633499170811685,1.0,0.0,NN,dense_0_64
Caregiver proxy,1832,9045,0.9919292426755113,0.0019339807279752153,0.7974571586511885,0.1944720840243228,0.9983777525569941,0.0007640619691529068,NN,dense_0_64
Immigrant,773,9045,0.9186290768380321,0.00303582757716884,0.9145384190160308,0.004090657822001242,0.6501256220328564,0.015968016380759047,NN,dense_0_64
College educated,2921,9045,0.9768933112216696,0.004068185625864901,0.6770591487009398,0.2998341625207298,0.9955502548675874,0.0011508086928078197,NN,dense_0_64
Married,4179,9045,0.9914870093974573,0.0013358812574454967,0.5379767827529021,0.4535102266445552,0.9993336619171252,0.00041771510840107016,NN,dense_0_64
White collar,3831,9045,0.9485903814262023,0.005560984561618274,0.5764510779436153,0.37213930348258706,0.98378643161012,0.0012958540082759417,NN,dense_0_64
Near retirement,874,9045,0.9468214483139856,0.0035550989918879945,0.9033720287451631,0.043449419568822534,0.9725919050278546,0.003423819964766754,NN,dense_0_64
Full-time standard,4499,9045,0.6846876727473743,0.008203695504295882,0.5025981205085683,0.18208955223880596,0.7349210236282341,0.010150929469916555,NN,dense_0_64
White collar occupation,3831,9045,0.9485903814262023,0.005560984561618274,0.5764510779436153,0.37213930348258706,0.98378643161012,0.0012958540082759417,NN,dense_0_64
Peak career,2253,9045,0.8796019900497513,0.004811510259146235,0.7509121061359867,0.12868988391376457,0.934161253360721,0.005501366388152446,NN,dense_0_64
Single / never married,3016,9045,0.9792150359314539,0.0032722274376890377,0.6665561083471531,0.3126589275843008,0.9969844267365715,0.000910287606461434,NN,dense_0_64
Female,2984,9045,0.7461580983969044,0.005119220299741416,0.6700939745715864,0.07606412382531802,0.7933089827978737,0.0057260245584730115,NN,dense_2_32
Racial minority,1281,9045,0.8574903261470425,0.0009510586254331218,0.8583747927031509,-0.0008844665561084097,0.6096894402878644,0.021798455481226,NN,dense_2_32
Part-time worker,1441,9045,0.9322277501381979,0.002437303226649917,0.840685461580984,0.09154228855721391,0.9114082618162429,0.007688532206900086,NN,dense_2_32
Has investment activity,1156,9045,0.9402985074626866,0.005416229392555422,0.8721945826423438,0.06810392482034278,0.893020022913175,0.013510963115872961,NN,dense_2_32
Unpaid / never worked,6,9045,1.0,0.0,0.9993366500829188,0.0006633499170811685,1.0,4.965068306494546e-17,NN,dense_2_32
Caregiver proxy,1832,9045,0.9206191265892759,0.005959903580737863,0.7974571586511885,0.12316196793808742,0.9137097600404365,0.012119764169515273,NN,dense_2_32
Immigrant,773,9045,0.914759535655058,0.0016546854115086944,0.9145384190160308,0.0002211166390271302,0.6195398842851584,0.024047453212827165,NN,dense_2_32
College educated,2921,9045,0.8385848535102266,0.011269358700561189,0.6770591487009398,0.16152570480928685,0.8883263526071554,0.00982818091326562,NN,dense_2_32
Married,4179,9045,0.9136539524599228,0.008502215115414213,0.5379767827529021,0.3756771697070207,0.9695458021854009,0.004287922722748277,NN,dense_2_32
White collar,3831,9045,0.690768380320619,0.005192711361334398,0.5764510779436153,0.11431730237700377,0.7640842167551631,0.006658935071517762,NN,dense_2_32
Near retirement,874,9045,0.9231619679380874,0.002592822421129579,0.9033720287451631,0.019789939192924266,0.9105418995303074,0.008316713433214037,NN,dense_2_32
Full-time standard,4499,9045,0.5988944168048647,0.014777640380521774,0.5025981205085683,0.09629629629629632,0.6284295727816251,0.017596032607295982,NN,dense_2_32
White collar occupation,3831,9045,0.690768380320619,0.005192711361334398,0.5764510779436153,0.11431730237700377,0.7640842167551631,0.006658935071517762,NN,dense_2_32
Peak career,2253,9045,0.8099502487562189,0.004469073063882287,0.7509121061359867,0.059038142620232215,0.8577615914571112,0.009606599193517773,NN,dense_2_32
Single / never married,3016,9045,0.8989496959646214,0.005510198250691899,0.6665561083471531,0.2323935876174683,0.9591230750878342,0.004309463858102813,NN,dense_2_32
Female,2984,9045,0.8226644555002764,0.006393292336009272,0.6700939745715864,0.15257048092869008,0.906071096827828,0.0048493263538977585,XGBoost,xgb_leaves
Racial minority,1281,9045,0.8559425096738529,0.0009638250842544287,0.8583747927031509,-0.002432283029297988,0.6442665026248596,0.009737346309182306,XGBoost,xgb_leaves
Part-time worker,1441,9045,0.9982310668877833,0.001071902677151201,0.840685461580984,0.15754560530679929,0.9997493425378041,0.0004751923444231688,XGBoost,xgb_leaves
Has investment activity,1156,9045,0.9934770591487011,0.002020527018518185,0.8721945826423438,0.12128247650635726,0.991972655853053,0.008263669575397198,XGBoost,xgb_leaves
Unpaid / never worked,6,9045,0.9993366500829188,0.00022111663902708577,0.9993366500829188,0.0,0.7027176760973795,0.1870031728589369,XGBoost,xgb_leaves
Caregiver proxy,1832,9045,0.99469320066335,0.002721621586532032,0.7974571586511885,0.1972360420121615,0.9959968703525666,0.0030661959480220765,XGBoost,xgb_leaves
Immigrant,773,9045,0.9179657269209507,0.0023866261077858664,0.9145384190160308,0.003427307904919852,0.6433252455453257,0.02411863510174166,XGBoost,xgb_leaves
College educated,2921,9045,0.9848535102266446,0.0037589828634605003,0.6770591487009398,0.30779436152570483,0.9947125782366181,0.0021136385420181592,XGBoost,xgb_leaves
Married,4179,9045,0.9998894416804864,0.00022111663902708577,0.5379767827529021,0.4619126589275844,0.9999997540852587,4.918294827405135e-07,XGBoost,xgb_leaves
White collar,3831,9045,0.9687119955776673,0.004988618760720144,0.5764510779436153,0.392260917634052,0.992674590407519,0.0018053313288755755,XGBoost,xgb_leaves
Near retirement,874,9045,0.9823106688778329,0.002396847251374096,0.9033720287451631,0.07893864013266982,0.9909065203147016,0.0026470139746970997,XGBoost,xgb_leaves
Full-time standard,4499,9045,0.978662244333886,0.0017340394849483748,0.5025981205085683,0.4760641238253177,0.9954269471204679,0.002119262261373939,XGBoost,xgb_leaves
White collar occupation,3831,9045,0.9687119955776673,0.004988618760720144,0.5764510779436153,0.392260917634052,0.992674590407519,0.0018053313288755755,XGBoost,xgb_leaves
Peak career,2253,9045,0.9662797125483692,0.003633317131045912,0.7509121061359867,0.2153676064123825,0.9932716592935545,0.0020990020981825654,XGBoost,xgb_leaves
Single / never married,3016,9045,0.9980099502487562,0.0008981800336800357,0.6665561083471531,0.3314538419016031,0.9990842829936583,0.0009184761581637141,XGBoost,xgb_leaves
